1,0,0,0.2188,1,1,5,20.448,9.1,3.54,0,0,0.482,0
2,0,0,0.9114,0,19,29,55.815,9.27,21.9,0,0,0.999,0
3,0,0,1.2019,1,38,51,33.43,6.61,2.81,0,0,0.019,0
4,0,0,2.0116,0,51,53,36.766,8.06,7.75,0,0,0.37,0
5,0,0,2.3917,0,40,35,28.408,8.55,2.87,0,0,0.902,0
6,0,0,4.3539,1,3,56,47.36,12.31,18.8,0,0,1.336,0
7,0,0,5.4117,1,20,2,11.768,9.64,17.74,0,0,0.74,0
8,0,0,6.55,1,25,53,11.308,9.05,5.17,0,0,1.102,0
9,0,0,8.4821,1,36,35,9.376,8.59,4.81,0,0,1.067,0
10,0,0,8.7007,0,50,52,1.465,8.59,10.76,0,0,0.489,0
11,0,0,8.9513,1,46,56,24.006,7.34,4.29,0,0,0.081,0
12,0,0,9.8202,0,35,57,36.809,8.43,4.06,0,0,1.484,0
13,0,0,10.0031,0,22,35,40.85,8.8,3.49,0,0,1.128,0
14,0,0,11.5853,0,0,21,37.516,7.25,5.11,0,0,1.2,0
15,0,0,12.0741,1,50,47,28.226,8.6,2.45,0,0,1.166,0
16,0,0,12.338,0,54,54,50.861,11.71,0.53,0,0,0.421,0
17,0,0,12.2639,0,40,11,32.382,8.15,6.15,0,0,0.425,0
18,0,0,12.7534,0,4,3,13.457,11.03,19.93,0,0,1.567,0
19,0,0,12.7961,1,38,18,14.711,6.53,4.12,0,0,0.955,0
20,0,0,15.1081,1,23,31,45.422,8.51,10.76,0,0,0.516,0
21,0,0,15.8966,1,8,0,26.044,7.55,5.84,0,0,1.438,0
22,0,0,16.8326,0,49,21,8.161,8.69,4.47,0,0,0.962,0
23,0,0,17.863,1,13,18,43.959,7.57,12.21,0,0,0.456,0
24,0,0,18.2519,0,23,27,9.897,9.05,9.73,0,0,0.528,0
25,0,0,19.0477,0,44,17,25.071,6.28,13.74,0,0,0.763,0
26,0,0,20.243,0,13,23,35.869,9.13,9.19,0,0,0.535,0
27,0,0,20.5127,0,41,17,51.133,9.32,9.66,0,0,0.671,0
28,0,0,20.9397,0,43,21,42.479,8.83,5.64,0,0,0.468,0
29,0,0,22.1115,0,49,6,28.638,9.14,2.85,0,0,1.041,0
30,0,0,23.0726,1,42,8,29.396,8.26,3.79,0,0,0.142,0
31,0,0,23.5425,1,2,40,31.72,7.63,1.84,0,0,1.453,0
32,0,0,23.6601,1,51,56,22.166,9.09,3.1,0,0,0.04,0
33,0,0,23.8034,0,10,27,44.836,8.1,8.94,0,0,0.466,0
34,0,0,23.8727,1,26,55,5.658,6.43,12.71,0,0,0.514,0
35,0,0,24.6145,0,14,29,25.731,9.07,5.96,0,0,0.916,0
36,0,0,24.7861,1,12,16,1.535,7.68,6.3,0,0,1.15,0
37,0,0,25.2845,0,47,10,46.502,10.44,3.74,0,0,0.391,0
38,0,0,26.6513,0,79,3,42.593,8.65,23.84,0,0,0.778,0
39,0,0,26.8468,0,16,41,48.949,7.46,10.98,0,0,0.475,0
40,0,0,29.2727,1,67,13,0.448,10.61,3.4,0,0,0.57,0
41,0,0,27.9752,1,54,18,8.056,8.7,3.42,0,0,0.026,0
42,0,0,30.0928,1,25,50,41.21,8.2,6.38,0,0,0.387,0
43,0,0,30.9814,1,59,33,35.056,6.18,7.63,0,0,1.032,0
44,0,0,31.8534,0,3,18,22.902,7.91,2.41,0,0,1.104,0
45,0,0,32.2091,0,72,12,9.757,9.59,15.1,0,0,        ,0
46,0,0,32.2906,0,25,37,20.11,8.57,1.19,0,0,1.035,0
47,0,0,32.4462,0,56,50,6.892,10.78,24.45,0,0,1.15,0
48,0,0,32.4534,0,40,41,25.608,7.31,1.86,0,0,1.164,0
49,0,0,33.4802,1,16,40,8.515,9.53,1.59,0,0,0.45,0
50,0,0,34.2889,0,53,5,51.586,6.49,16.89,0,0,0.616,0
51,0,0,34.4137,1,1,3,58.31,8.94,0.41,0,0,0.906,0
52,0,0,35.1981,0,77,1,12.506,8.56,3.95,0,0,0.196,0
53,0,0,35.3737,0,29,15,48.177,10.96,1.76,0,0,        ,0
54,0,0,36.3973,1,17,58,8.241,10.57,20.97,0,0,1.03,0
55,0,0,37.88,0,66,40,59.172,7.4,14.66,0,0,0.551,0
56,0,0,39.0796,1,0,13,22.58,8.12,3.47,0,0,1.329,0
57,0,0,40.3885,0,69,40,32.882,8.27,33.89,0,0,0.863,0
58,0,0,41.7032,1,62,10,33.617,7.05,26.06,0,0,0.52,0
59,0,0,41.8674,1,55,43,20.866,9.09,0.06,0,0,0.091,0
60,0,0,42.1016,0,64,27,56.971,8.34,6.18,0,0,0.386,0
61,0,0,42.2777,1,53,49,19.871,8.86,5.6,0,0,1.081,0
62,0,0,43.1907,0,45,25,21.818,8.27,5.28,0,0,0.994,0
63,0,0,43.6199,1,45,15,11.999,6.36,4.81,0,0,0.047,0
64,0,0,44.3013,0,27,54,27.166,8.08,3.45,0,0,1.156,0
65,0,0,45.1141,0,54,49,49.226,11,16.98,0,0,1.147,0
66,0,0,45.2518,0,72,19,5.697,8.55,8.18,0,0,0.401,0
67,0,0,47.7843,1,23,32,17.695,7.83,7.48,0,0,0.495,0
68,0,0,48.1527,1,16,59,20.274,8.79,31.8,0,0,0.94,0
69,0,0,48.3292,1,30,23,45.214,8.33,6.35,0,0,0.135,0
70,0,0,48.672,1,36,46,39.502,10.42,5.25,0,0,0.706,0
71,0,0,49.704,1,36,46,48.552,8.26,9.13,0,0,0.846,0
72,0,0,52.6728,0,12,49,43.213,8.97,10.63,0,0,0.671,0
73,0,0,52.9097,1,66,50,52.681,6.9,3.97,0,0,1.446,0
74,0,0,53.2495,1,35,45,9.8,9.93,24.22,0,0,1.068,0
75,0,0,53.5589,0,50,26,47.274,7.42,1.6,0,0,1.524,0
76,0,0,54.7727,1,32,49,32.428,9.03,2.29,0,0,1.67,0
77,0,0,55.3252,0,30,3,51.024,8.41,3.53,0,0,0.022,0
78,0,0,55.7551,1,17,52,4.231,8.06,1.17,0,0,1.203,0
79,0,0,56.5735,1,35,19,0.314,8.69,4.57,0,0,0.529,0
80,0,0,58.0301,0,11,49,24.734,8.4,15.59,0,0,0.566,0
81,0,0,58.5275,0,4,55,55.613,8.57,23.43,0,0,0.642,0
82,0,0,59.5276,0,10,56,8.899,9.5,1.82,0,0,1.107,0
83,0,0,59.5394,1,52,4,50.032,8.85,2.28,0,0,1.726,0
84,0,1,0.4337,1,27,53,10.837,9.61,18.9,0,0,0.852,0
85,0,1,1.4418,0,24,42,50.576,10.62,3.9,0,0,0.359,0
86,0,1,2.4918,1,69,36,12.594,8.05,3.47,0,0,0.018,0
87,0,1,2.7637,0,5,50,5.912,7.8,4.52,0,0,0.43,0
88,0,1,4.5983,0,48,48,35.493,5.71,5.97,0,0,0.911,0
89,0,1,6.5164,1,53,10,0.993,7.87,2.6,0,0,1.566,0
90,0,1,7.2,0,41,53,14.747,7.64,9.35,0,0,0.5,0
91,0,1,7.3364,0,5,52,27.599,7.66,4.21,0,0,1.3,0
92,0,1,9.75,0,20,42,20.111,8.68,4.77,0,0,0.944,0
93,0,1,10.1334,0,0,4,33.313,8.12,16.74,0,0,0.619,0
94,0,1,10.7647,0,32,45,24.5,10.1,10.48,0,0,0.644,0
95,0,1,12.4893,0,11,57,50.401,8.67,7.85,0,0,0.513,0
96,0,1,13.1745,1,13,58,29.094,10.46,19.83,0,0,1.36,0
97,0,1,13.7601,0,21,24,14.563,9.48,5.52,0,0,0.53,0
98,0,1,13.7227,0,52,47,54.886,9.87,6.49,0,0,0.551,0
99,0,1,15.8439,1,60,21,19.073,7.04,1.27,0,0,2.835,0
100,0,1,15.9483,1,19,44,28.739,8.44,4.49,0,0,0.898,0
101,0,1,16.7428,0,47,47,37.788,9.88,7.35,0,0,0.509,0
102,0,1,16.9037,0,41,29,14.481,7.05,3,0,0,1.55,0
103,0,1,17.3145,0,68,22,15.706,8.29,9.15,0,0,0.538,0
104,0,1,18.4168,0,31,53,58.619,9.34,8.16,0,0,0.543,0
105,0,1,18.6827,1,70,55,44.248,7.73,4.44,0,0,0.455,0
106,0,1,19.2395,1,49,58,53.706,6.22,4.5,0,0,0.97,0
107,0,1,20.1125,0,50,20,14.637,5.53,5.84,0,0,1.615,0
108,0,1,20.7728,0,70,7,31.108,8.53,0.3,0,0,1.315,0
109,0,1,23.1845,1,6,47,29.368,7.23,5.33,0,0,0.388,0
110,0,1,23.69,1,39,36,38.944,8.61,20.42,0,0,0.787,0
111,0,1,23.7809,1,34,16,54.695,11.28,27.11,0,0,1.308,0
112,0,1,25.66,0,16,56,52.174,10.76,31.35,0,0,1.384,0
113,0,1,27.749,1,49,0,37.479,8.93,0.27,0,0,0.021,0
114,0,1,29.2023,1,30,44,9.165,7.95,9.93,0,0,0.654,0
115,0,1,29.4232,0,62,55,23.367,7.46,4.73,0,0,0.16,0
116,0,1,30.0943,0,33,47,33.736,8.6,8.29,0,0,0.435,0
117,0,1,31.2979,0,72,36,21.253,8.55,0.36,0,0,1.093,0
118,0,1,32.7566,0,9,25,48.13,9.2,12.08,0,0,0.606,0
119,0,1,33.6485,1,44,40,31.605,6.82,7.49,0,0,1.071,0
120,0,1,35.0374,0,45,20,40.881,8.29,2.83,0,0,1.183,0
121,0,1,35.1544,1,28,25,25.587,6.83,3.66,0,0,1.197,0
122,0,1,35.851,0,77,3,55.06,4.78,14.77,0,0,1.254,0
123,0,1,36.0579,1,72,14,11.782,7.21,5.07,0,0,1.169,0
124,0,1,37.0189,1,61,13,22.095,5.58,0.86,0,0,0.407,0
125,0,1,37.1356,0,39,20,12.048,8.7,5.08,0,0,0.366,0
126,0,1,38.096,1,14,37,56.304,8.06,2.94,0,0,0.969,0
127,0,1,38.901,0,48,56,6.582,10.86,11.27,0,0,0.942,0
128,0,1,39.3035,1,73,36,42.756,6.5,15.2,0,0,0.182,0
129,0,1,39.7446,1,5,22,21.903,9.32,6.6,0,0,0.559,0
130,0,1,40.3807,0,30,41,33.025,9.14,2.93,0,0,1.08,0
131,0,1,40.7861,1,62,1,5.342,8.13,8.11,0,0,0.2,0
132,0,1,41.2812,0,34,39,12.628,10.62,1.89,0,0,0.358,0
133,0,1,41.6085,0,40,8,55.197,6.62,3.51,0,0,0.545,0
134,0,1,42.0337,0,1,8,23.9,9.96,1.3,0,0,0.264,0
135,0,1,42.419,0,0,13,2.998,8.64,20.1,0,0,0.62,0
136,0,1,42.8741,1,24,15,11.451,6.6,5.84,0,0,1.153,0
137,0,1,43.8454,1,42,22,1.734,6.25,2.45,0,0,0.042,0
138,0,1,44.9289,0,16,31,54.196,7.83,6.34,0,0,1.074,0
139,0,1,46.8702,1,67,30,25.114,10.03,1.62,0,0,1.289,0
140,0,1,48.6419,0,68,6,17.32,9.04,8.98,0,0,0.546,0
141,0,1,48.8232,1,36,21,1.244,8.47,5.61,0,0,1.35,0
142,0,1,48.8997,1,66,18,21.607,7.33,16.04,0,0,0.73,0
143,0,1,49.2437,1,21,27,43.695,10.35,20.05,0,0,1.033,0
144,0,1,49.2216,1,76,10,32.2,8.66,3.57,0,0,1.364,0
145,0,1,49.4374,0,3,1,38.924,5.13,7.98,0,0,0.128,0
146,0,1,49.486,0,25,47,51.703,8.96,4.39,0,0,0.306,0
147,0,1,51.8505,1,21,1,34.495,8.49,0.13,0,0,1.569,0
148,0,1,54.9102,1,15,31,42.702,8.15,4.22,0,0,0.584,0
149,0,1,54.8844,1,26,0,20.078,11.26,22.92,0,0,0.932,0
150,0,1,55.2877,0,37,13,47.438,7.04,7.5,0,0,1.06,0
151,0,1,56.2998,0,41,36,49.452,7.78,7.56,0,0,0.411,0
152,0,1,56.2688,0,28,7,51.44,10.02,5.1,0,0,0.456,0
153,0,1,56.2908,1,12,39,17.832,8.9,5.54,0,0,0.459,0
154,0,1,57.5916,0,6,0,50.298,4.37,7.86,0,0,1.631,0
155,0,1,57.8733,1,46,16,8.986,9.93,2.28,0,0,0.283,0
156,0,1,59.2524,1,63,21,28.245,8.6,3.09,0,0,0.1,0
157,0,2,0.0786,0,5,12,50.39,8.51,6.87,0,0,0.903,0
158,0,2,0.1131,0,37,54,6.446,7.09,7.03,0,0,0.999,0
159,0,2,2.5947,0,2,45,58.187,6.93,16.92,0,0,0.292,0
160,0,2,2.8116,0,69,16,9.147,8.68,2.07,0,0,0.052,0
161,0,2,2.9952,1,33,41,45.567,8.98,2.38,0,0,1.5,0
162,0,2,3.2082,1,27,7,7.03,9.84,2.71,0,0,0.696,0
163,0,2,4.1144,0,30,41,6.845,8.98,2.92,0,0,0.107,0
164,0,2,4.4587,1,59,56,24.044,7.98,4.41,0,0,0.97,0
165,0,2,4.7387,0,22,19,38.894,10.16,0.59,0,0,0.45,0
166,0,2,5.1664,0,56,30,53.646,8.86,9.46,0,0,0.66,0
167,0,2,6.6737,1,39,10,59.569,8.58,3.5,0,0,0.06,0
168,0,2,8.0453,0,2,49,11.443,9.56,1.95,0,0,1.113,0
169,0,2,8.405,0,68,16,48.741,9.24,63.03,0,0,1.39,0
170,0,2,9.0425,0,20,52,17.912,9.63,5.96,0,0,0.509,0
171,0,2,9.6451,1,27,5,4.161,5.8,80.63,0,0,0.69,0
172,0,2,10.2913,1,67,24,32.243,9.05,1.27,0,0,0.976,0
173,0,2,11.9037,1,47,34,38,8.45,1.31,0,0,0.248,0
174,0,2,12.376,1,59,57,55.218,8.86,3.89,0,0,1.035,0
175,0,2,12.5846,1,49,46,16.1,7.84,3.98,0,0,0.923,0
176,0,2,12.8002,1,44,25,41.798,8.86,3.82,0,0,0.53,0
177,0,2,14.449,0,11,57,51.65,8.93,5.47,0,0,0.172,0
178,0,2,16.2711,0,27,8,6.623,7.97,9.02,0,0,0.556,0
179,0,2,16.5269,0,13,24,27.056,6.9,14.91,0,0,0.534,0
180,0,2,17.0166,0,9,10,29.622,8.47,2.8,0,0,1.171,0
181,0,2,17.716,1,60,42,11.501,6.77,2.51,0,0,1.832,0
182,0,2,19.4803,1,52,35,11.175,8.55,3.32,0,0,1.004,0
183,0,2,19.9142,0,29,43,13.613,5.04,6.4,0,0,0.15,0
184,0,2,21.5462,1,11,0,22.827,8.48,29.75,0,0,0.888,0
185,0,2,21.636,1,10,47,8.318,8.53,11.74,0,0,0.53,0
186,0,2,24.1675,1,8,57,24.601,6.33,7.55,0,0,0.182,0
187,0,2,24.5074,0,6,3,33.056,8.99,6.69,0,0,0.5,0
188,0,2,24.6011,1,6,19,59.292,8.64,10.49,0,0,0.488,0
189,0,2,25.2689,1,54,8,6.567,9.55,2.49,0,0,0.237,0
190,0,2,25.3335,1,10,46,35.947,8.74,10.47,0,0,0.57,0
191,0,2,26.9489,0,46,1,43.829,12.43,22.98,0,0,1.49,0
192,0,2,28.7595,1,8,23,38.149,8.16,3.31,0,0,1.032,0
193,0,2,29.1936,0,39,12,44.997,9.46,4.77,0,0,0.944,0
194,0,2,29.7575,1,8,29,8.083,5.7,26.53,0,0,0.315,0
195,0,2,30.1769,1,47,25,22.655,7.62,8.08,0,0,0.517,0
196,0,2,30.4811,1,51,49,47.926,8.95,0.98,0,0,1.677,0
197,0,2,31.7589,1,42,8,52.076,8.97,1.62,0,0,0.952,0
198,0,2,31.847,1,15,20,6.684,8.94,5.12,0,0,0.276,0
199,0,2,32.4078,1,16,15,23.583,7.24,4.07,0,0,0.074,0
200,0,2,32.5112,0,33,59,33.62,10.32,3.17,0,0,0.323,0
201,0,2,33.4354,1,18,41,0.112,8.24,10.06,0,0,0.474,0
202,0,2,34.0162,1,54,33,7.779,8.62,2.6,0,0,0.303,0
203,0,2,34.135,0,15,49,52.57,9.18,2.16,0,0,0.981,0
204,0,2,34.8202,0,43,56,52.489,8.53,2.53,0,0,1.274,0
205,0,2,34.9707,0,5,11,11.92,8.54,8.84,0,0,0.384,0
206,0,2,35.2416,1,18,50,9.586,8.56,9.32,0,0,0.436,0
207,0,2,36.0822,1,66,5,56.268,5.87,1.57,0,0,1.073,0
208,0,2,35.9831,0,67,38,3.412,9.41,2.46,0,0,0.967,0
209,0,2,38.4383,1,66,6,1.358,7.2,0.69,0,0,0.085,0
210,0,2,38.9157,0,8,29,16.598,9.05,7.65,0,0,0.47,0
211,0,2,39.1629,0,37,56,51.651,9.52,3.88,0,0,0.832,0
212,0,2,39.2261,0,29,4,30.904,10.24,6.18,0,0,0.318,0
213,0,2,40.0472,1,51,28,20.686,7.7,7.8,0,0,1.003,0
214,0,2,40.6014,1,28,32,31.997,8.17,3.36,0,0,0.29,0
215,0,2,41.8777,1,75,2,10.296,9.26,3.49,0,0,1.8,0
216,0,2,42.4613,1,42,55,14.49,7.94,3.21,0,0,0.016,0
217,0,2,41.8599,1,82,58,23.554,7.29,2.73,0,0,0.118,0
218,0,2,43.1399,0,57,38,1.071,8.42,4.14,0,0,1.005,0
219,0,2,45.655,1,6,2,4.029,8.56,10.78,0,0,0.602,0
220,0,2,46.0175,1,35,48,55.702,7.52,6.27,0,0,0.18,0
221,0,2,46.3716,1,80,16,56.069,7.74,7.68,0,0,0.483,0
222,0,2,46.6754,0,40,58,59.447,8.85,2.62,0,0,1.113,0
223,0,2,47.1387,1,2,7,49.355,7.17,21.58,0,0,0.617,0
224,0,2,47.1005,1,3,51,37.459,9.01,1.25,0,0,1.01,0
225,0,2,48.0153,0,15,2,25.913,9.04,7.23,0,0,0.489,0
226,0,2,48.0749,0,24,56,42.917,10.3,0.63,0,0,0.254,0
227,0,2,49.0003,1,80,17,11.444,9.86,8.72,0,0,0.442,0
228,0,2,50.4365,1,28,15,6.808,7.64,9.53,0,0,0.532,0
229,0,2,51.3443,1,47,15,8.21,8.27,2.16,0,0,0.128,0
230,0,2,51.7669,1,30,20,11.457,8.44,8.62,0,0,0.423,0
231,0,2,53.6192,0,58,46,53.007,9.58,4.59,0,0,0.5,0
232,0,2,55.2147,0,30,8,59.207,8.43,5.18,0,0,0.007,0
233,0,2,55.6743,1,71,21,30.756,8.49,2.5,0,0,1.18,0
234,0,2,56.0595,1,70,14,16.828,9.64,2.91,0,0,0.31,0
235,0,2,56.7525,1,71,22,4.959,9.17,2.6,0,0,1.222,0
236,0,2,57.076,0,0,53,37.787,8.09,2.96,0,0,1.26,0
237,0,2,57.3869,0,39,31,38.361,9,6.32,0,0,0.903,0
238,0,2,57.4258,0,20,2,45.866,6.25,16.16,0,0,0.526,0
239,0,2,58.3618,1,3,22,54.975,8.56,4.77,0,0,0.521,0
240,0,2,58.5045,1,9,47,42.793,10.81,3.36,0,0,0.565,0
241,0,3,0.4721,1,9,8,17.869,8.76,2.37,0,0,1.01,0
242,0,3,0.5198,0,34,44,38.582,7.76,7.41,0,0,0.967,0
243,0,3,0.8105,0,60,41,30.821,7.82,4.11,0,0,1.041,0
244,0,3,2.1275,1,39,59,42.549,7.9,3.49,0,0,0.668,0
245,0,3,3.2597,0,7,48,55.893,8.52,3.31,0,0,1.036,0
246,0,3,3.2849,1,56,43,59.462,9.73,18.29,0,0,0.99,0
247,0,3,3.7268,1,8,15,41.088,9.19,6.08,0,0,0.346,0
248,0,3,3.7803,1,8,16,14.897,8.1,9.03,0,0,0.342,0
249,0,3,5.8071,1,31,52,12.372,8.75,13.24,0,0,0.552,0
250,0,3,5.8361,1,52,27,54.607,8.14,5.19,0,0,0.88,0
251,0,3,6.0973,0,25,15,39.776,8.65,0.53,0,0,1.349,0
252,0,3,7.1017,1,29,29,9.537,10.3,0.95,0,0,1.082,0
253,0,3,7.8174,0,24,8,42.496,6.46,6.78,0,0,1.176,0
254,0,3,8.3207,1,42,44,52.501,6.73,5.96,0,0,0.051,0
255,0,3,10.6857,0,24,35,17.836,7.96,11.84,0,0,0.421,0
256,0,3,11.1829,1,54,30,57.037,9.53,4.73,0,0,0.461,0
257,0,3,12.7236,0,31,12,44.618,8.87,3.15,0,0,0.081,0
258,0,3,13.2787,1,17,33,8.629,6.59,6.28,0,0,1.122,0
259,0,3,13.417,1,48,43,20.42,8.65,0.54,0,0,1.455,0
260,0,3,16.103,0,55,24,18.318,9.64,6.1,0,0,0.432,0
261,0,3,16.9203,0,23,36,55.244,9.15,8.21,0,0,0.424,0
262,0,3,18.1909,1,32,50,45.131,9.04,4.31,0,0,0.422,0
263,0,3,19.0171,1,4,41,13.689,12.04,32.93,0,0,1.473,0
264,0,3,19.699,1,38,14,38.456,8.42,3.69,0,0,1.174,0
265,0,3,20.4943,0,64,28,33.891,9.06,1.06,0,0,1.688,0
266,0,3,20.4864,0,11,56,42.755,8.09,3.38,0,0,1.125,0
267,0,3,20.4987,0,4,8,44.629,8.09,11.66,0,0,0.455,0
268,0,3,22.0334,1,59,4,43.002,8.18,0.24,0,0,1.462,0
269,0,3,22.0925,1,23,34,30.18,8.77,3.82,0,0,1.125,0
270,0,3,24.0137,1,73,10,28.166,7.36,4.7,0,0,0.146,0
271,0,3,24.6652,0,35,57,54.625,9.16,4.81,0,0,0.232,0
272,0,3,25.3239,0,26,24,54.659,8.82,1.39,0,0,0.979,0
273,0,3,25.6489,0,46,49,51.49,11.14,1.86,0,0,0.041,0
274,0,3,25.717,1,63,38,25.888,6.24,0.93,0,0,0.332,0
275,0,3,25.842,0,29,0,2.209,9.44,5.68,0,0,0.439,0
276,0,3,25.8988,1,20,39,57.304,7.49,15.55,0,0,0.636,0
277,0,3,26.2269,0,36,15,4.338,6.96,15.84,0,0,0.353,0
278,0,3,27.1486,1,55,33,3.247,7.94,2.79,0,0,0.023,0
279,0,3,27.306,1,62,21,28.095,8.69,0.81,0,0,0.12,0
280,0,3,27.9039,1,53,18,45.723,8.15,4.83,0,0,0.134,0
281,0,3,30.2849,1,55,3,35.822,8.45,2.88,0,0,1.655,0
282,0,3,30.3425,1,19,22,53.658,7.92,1.62,0,0,1.408,0
283,0,3,30.5173,1,12,21,24.584,7.45,4.99,0,0,0.353,0
284,0,3,30.8011,0,65,49,39.24,9.01,2.11,0,0,0.956,0
285,0,3,31.3616,0,35,36,8.004,8.55,1.38,0,0,1.212,0
286,0,3,31.5123,1,78,43,4.106,9.23,0.11,0,0,1.006,0
287,0,3,32.5933,0,13,13,38.155,9.16,1.19,0,0,1.538,0
288,0,3,33.3022,1,42,21,7.991,7.9,5.49,0,0,1.071,0
289,0,3,36.566,0,51,48,32.715,8.68,3.48,0,0,1.011,0
290,0,3,36.9874,0,31,5,38.517,7.78,15.26,0,0,0.563,0
291,0,3,37.0906,0,28,25,1.687,8.21,1.46,0,0,0.123,0
292,0,3,38.0896,1,70,18,21.719,8.11,2.92,0,0,0.019,0
293,0,3,39.816,0,57,9,51.981,8.29,13.14,0,0,0.488,0
294,0,3,40.1175,1,3,54,25.217,7.89,8.63,0,0,0.401,0
295,0,3,40.4796,0,41,5,45.082,9.67,2.83,0,0,0.397,0
296,0,3,41.2988,0,28,23,45.052,8.24,25.29,0,0,0.78,0
297,0,3,41.8667,1,48,26,12.936,6.8,6.42,0,0,0.06,0
298,0,3,42.4693,1,13,21,54.683,8.18,2.81,0,0,1.015,0
299,0,3,44.1052,0,63,36,2.382,8.44,9.67,0,0,0.508,0
300,0,3,44.3781,1,42,1,24.592,7.45,6.04,0,0,0.244,0
301,0,3,44.3724,0,17,20,9.492,4.55,14.31,0,0,0.047,0
302,0,3,51.6274,1,66,42,43.93,6.31,3.31,0,0,1.629,0
303,0,3,52.5982,1,57,22,41.798,8.15,5.15,0,0,0.316,0
304,0,3,52.7508,1,22,17,45.857,8.27,6.16,0,0,0.136,0
305,0,3,53.2951,0,28,23,37.569,7.66,20.44,0,0,0.741,0
306,0,3,53.9376,0,57,49,49.286,8.59,14.36,0,0,0.616,0
307,0,3,55.1308,0,42,33,34.199,11.55,16.27,0,0,1.26,0
308,0,3,56.0495,1,14,22,44.101,7.09,13.9,0,0,0.303,0
309,0,3,56.6181,0,45,17,18.95,8.54,4.59,0,0,0.23,0
310,0,3,56.9785,0,43,11,29.413,9.58,12.24,0,0,0.7,0
311,0,3,57.0214,1,36,58,12.763,8.44,6.36,0,0,0.456,0
312,0,3,57.5035,1,61,6,13.11,8.59,0.56,0,0,0.36,0
313,0,3,57.8645,0,48,7,30.674,8.01,10.62,0,0,0.406,0
314,0,3,58.0144,1,20,57,13.75,8.29,5.58,0,0,0.54,0
315,0,3,58.1304,0,71,16,43.086,9.62,6.67,0,0,0.657,0
316,0,4,0.2392,1,12,8,45.002,7.26,5.48,0,0,0.355,0
317,0,4,0.6077,0,80,23,42.252,7.91,5.53,0,0,0.314,0
318,0,4,2.3219,0,38,35,41.097,9.45,2.07,0,0,1.115,0
319,0,4,3.7964,1,62,13,19.025,8.19,1.2,0,0,0.26,0
320,0,4,5.1044,0,16,59,51.507,12.14,6.48,0,0,        ,0
321,0,4,7.8411,0,25,53,33.179,8.93,9.88,0,0,0.607,0
322,0,4,8.4419,1,56,55,15.617,7.65,3.93,0,0,0.992,0
323,0,4,10.2547,1,49,52,12.746,7.38,6.15,0,0,1.003,0
324,0,4,10.2104,1,17,26,12.062,8.53,8.18,0,0,0.491,0
325,0,4,10.4706,1,39,7,12.454,8.56,14.48,0,0,0.615,0
326,0,4,10.7617,1,11,15,51.791,8.76,0.82,0,0,1.692,0
327,0,4,11.0787,0,4,55,33.987,9.56,2.04,0,0,0.39,0
328,0,4,11.8874,0,30,8,5.704,7.09,4.24,0,0,0.085,0
329,0,4,12.3298,0,10,8,28.605,9.83,9.2,0,0,0.699,0
330,0,4,13.6637,1,62,17,15.593,5.9,0.89,0,0,0.274,0
331,0,4,14.2828,0,26,57,8.466,10.8,1.88,0,0,0.882,0
332,0,4,14.6002,0,34,24,52.753,8.41,6.58,0,0,0.563,0
333,0,4,15.1314,0,17,25,29.462,9.05,5.54,0,0,0.16,0
334,0,4,15.3261,1,60,9,18.069,8.79,0.07,0,0,0.08,0
335,0,4,15.8444,1,14,4,53.844,8.88,5.57,0,0,0.253,0
336,0,4,15.9761,1,65,9,10.66,7.59,1.47,0,0,1.68,0
337,0,4,16.1413,0,25,54,53.962,9.6,11.87,0,0,0.75,0
338,0,4,16.1638,1,66,20,56.898,10.66,1.21,0,0,1.45,0
339,0,4,16.4913,0,59,18,54.65,8.55,4.12,0,0,0.037,0
340,0,4,17.72,0,43,59,17.975,8.11,14.91,0,0,0.484,0
341,0,4,18.5995,0,23,15,14.228,9.44,0.58,0,0,1.069,0
342,0,4,18.9559,0,20,34,7.483,9.6,7.92,0,0,0.549,0
343,0,4,19.7613,0,16,31,44.003,5.78,11.29,0,0,1.084,0
344,0,4,20.0755,1,40,6,35.839,10.66,6.82,0,0,1.5,0
345,0,4,20.2979,0,29,16,7.788,6.38,7.75,0,0,0.006,0
346,0,4,21.074,0,53,54,34.139,8.8,5.27,0,0,1.031,0
347,0,4,21.288,1,54,16,28.566,7.79,2.46,0,0,0.089,0
348,0,4,21.3121,1,12,57,25.398,8.6,16.79,0,0,0.64,0
349,0,4,22.8947,0,29,22,53.684,7.77,4.1,0,0,0.058,0
350,0,4,23.8342,0,57,19,22.349,10.37,21.14,0,0,1.1,0
351,0,4,24.6295,0,47,4,5.267,9.8,22.52,0,0,0.855,0
352,0,4,26.4245,1,58,4,7.617,10.42,12.99,0,0,0.8,0
353,0,4,26.6474,0,44,34,2.435,11.63,5.72,0,0,0.971,0
354,0,4,29.6024,1,51,49,45.497,9.22,3.01,0,0,1.001,0
355,0,4,30.1224,0,10,30,34.18,4.99,2.03,0,0,1.619,0
356,0,4,30.1685,0,6,57,55.214,8.43,9.89,0,0,0.611,0
357,0,4,30.5266,0,72,53,49.995,7.33,10.92,0,0,0.444,0
358,0,4,33.4462,0,76,20,47.522,8.93,0.95,0,0,1.025,0
359,0,4,34.6246,0,76,52,24.733,9.09,17.09,0,0,0.639,0
360,0,4,34.9229,1,71,58,6.753,9.26,4.67,0,0,1.162,0
361,0,4,35.472,0,71,41,41.995,8.73,3.4,0,0,1.036,0
362,0,4,36.1544,0,19,26,16.307,9.18,0.43,0,0,1.169,0
363,0,4,36.4103,1,43,33,4.747,8.12,2.15,0,0,2.53,0
364,0,4,36.4884,0,15,53,21.124,9.26,1.99,0,0,1.149,0
365,0,4,36.5961,1,42,5,33.221,6.11,1.94,0,0,0.159,0
366,0,4,36.5923,0,31,10,8.583,8.94,1.59,0,0,1.181,0
367,0,4,37.3475,0,81,20,43.149,9.13,1.38,0,0,0.239,0
368,0,4,37.4582,1,2,56,14.009,7.9,4.83,0,0,1.249,0
369,0,4,38.1376,1,29,43,20.268,9.34,1.26,0,0,0.95,0
370,0,4,38.2567,0,51,35,0.112,7.13,2.46,0,0,1.26,0
371,0,4,38.479,0,50,2,9.378,10.82,0.81,0,0,1.021,0
372,0,4,39.743,0,70,24,15.181,7.46,4.15,0,0,1.072,0
373,0,4,39.8352,0,8,11,5.663,8.72,1.39,0,0,1.508,0
374,0,4,40.0907,1,34,15,54.713,7.02,6.13,0,0,1.1,0
375,0,4,40.1505,1,34,16,17.42,9.08,6.13,0,0,        ,0
376,0,4,41.1754,1,6,31,21.307,8.37,4.04,0,0,0.881,0
377,0,4,41.2532,0,71,26,12.69,5.59,5.7,0,0,0.1,0
378,0,4,41.2606,1,14,57,55.21,7.37,11.46,0,0,0.422,0
379,0,4,41.8375,1,67,9,58.995,5.68,10.3,0,0,1.051,0
380,0,4,42.7111,1,17,4,11.208,8.56,7.35,0,0,0.792,0
381,0,4,44.4448,1,51,32,1.862,8.72,2.46,0,0,0.014,0
382,0,4,45.1592,0,32,21,39.683,9.06,4.16,0,0,0.368,0
383,0,4,45.3293,1,0,3,23.367,8.82,4.08,0,0,0.433,0
384,0,4,46.2868,1,1,32,12.99,8.18,5.84,0,0,0.376,0
385,0,4,46.8369,1,38,10,25.774,9.39,9.37,0,0,0.735,0
386,0,4,48.9476,1,68,11,19.31,9.1,0.59,0,0,0.652,0
387,0,4,49.9538,1,38,47,10.407,8.46,1.61,0,0,0.556,0
388,0,4,50.4618,1,6,25,0,9.15,5.46,0,0,0.394,0
389,0,4,50.8106,0,29,37,58.966,8.28,5.65,0,0,0.002,0
390,0,4,50.8206,1,50,14,5.557,11.67,4.86,0,0,        ,0
391,0,4,50.8704,1,43,58,14.846,8.18,6.95,0,0,0.43,0
392,0,4,51.9636,1,30,5,9.353,7.93,10.47,0,0,0.478,0
393,0,4,52.3852,1,51,58,57.258,9.21,3.05,0,0,0.964,0
394,0,4,53.2147,1,34,39,34.389,6.09,27.18,0,0,0.632,0
395,0,4,53.3191,0,30,15,23.807,8.31,3.15,0,0,0.036,0
396,0,4,53.9055,0,31,59,47.769,7.83,2.91,0,0,1.256,0
397,0,4,54.0722,1,52,14,56.189,8.72,3.73,0,0,0.082,0
398,0,4,54.9665,1,58,31,55.826,6.61,2.13,0,0,0.025,0
399,0,4,55.9272,1,26,38,55.678,6.25,5.34,0,0,1.368,0
400,0,4,56.0784,1,23,16,10.731,7.82,39.06,0,0,0.755,0
401,0,4,56.2142,1,56,3,25.053,8.66,3.49,0,0,1.614,0
402,0,4,56.3865,1,64,46,53.067,8.15,6.02,0,0,0.475,0
403,0,4,56.929,0,18,10,42.611,8.97,11.56,0,0,0.674,0
404,0,4,57.5081,1,45,40,26.228,7.47,14.53,0,0,0.55,0
405,0,4,57.4824,1,51,10,50.337,8.15,1.55,0,0,1.201,0
406,0,4,58.542,1,26,43,30.922,8.63,1.67,0,0,1.57,0
407,0,4,58.6259,0,70,12,43.947,8.13,22.09,0,0,0.71,0
408,0,4,58.8065,1,57,28,7.488,8.23,4.41,0,0,0.986,0
409,0,4,59.0613,0,70,29,32.699,8.41,8.49,0,0,0.461,0
410,0,5,1.1343,1,27,40,29.279,6.47,7.63,0,0,0.946,0
411,0,5,1.592,1,33,21,36.045,9.83,0.99,0,0,1.54,0
412,0,5,1.8139,1,66,31,0.443,8.64,6.19,0,0,1.3,0
413,0,5,2.4819,0,36,0,54.984,7.73,19.78,0,0,0.537,0
414,0,5,2.9394,0,59,49,41.177,8.64,1.96,0,0,0.889,0
415,0,5,3.3115,1,9,16,48.101,8.94,8.38,0,0,0.415,0
416,0,5,3.4563,1,1,2,16.183,8.84,8.73,0,0,0.759,0
417,0,5,3.7966,0,0,30,10.46,6.32,6.95,0,0,1.099,0
418,0,5,6.1326,1,61,18,50.273,5.8,4.5,0,0,0.067,0
419,0,5,6.8907,0,42,34,4.14,8.97,5.12,0,0,0.86,0
420,0,5,7.6003,0,52,9,5.124,7.53,23.9,0,0,0.577,0
421,0,5,8.11,1,45,13,32.4,8.83,        ,0,0,        ,0
422,0,5,8.8221,1,67,50,24.075,7.41,2.53,0,0,1.288,0
423,0,5,9.2611,1,30,19,44.814,7.8,5.43,0,0,0.437,0
424,0,5,9.7807,1,45,13,44.684,6.71,6.66,0,0,0.068,0
425,0,5,9.715,0,62,50,42.976,8.14,14.25,0,0,0.593,0
426,0,5,10.0193,1,30,19,52.706,9.37,6.64,0,0,0.51,0
427,0,5,9.9453,0,43,51,3.001,8.73,1.42,0,0,1.124,0
428,0,5,10.1607,1,45,47,12.964,9.95,86.98,0,0,1.472,0
429,0,5,10.1584,1,2,23,50.319,8.69,11.12,0,0,0.644,0
430,0,5,10.3063,0,32,28,6.642,7.1,6.27,0,0,1.128,0
431,0,5,12.4764,1,36,18,13.252,8.09,2.45,0,0,0.496,0
432,0,5,13.0029,1,35,34,15.971,6.88,10.35,0,0,0.174,0
433,0,5,14.8582,1,3,0,26.633,9.48,0.08,0,0,1.037,0
434,0,5,15.2373,0,27,16,17.79,9.04,1.4,0,0,0.692,0
435,0,5,15.2581,0,49,8,31.973,9.3,10.28,0,0,0.538,0
436,0,5,17.8688,0,67,49,52.416,8.49,62.48,0,0,1.076,0
437,0,5,17.8832,1,48,28,37.902,8.3,3.18,0,0,0.998,0
438,0,5,18.4479,0,1,47,38.837,7.95,2.21,0,0,0.991,0
439,0,5,20.2934,0,37,21,6.052,8.56,229.33,0,0,1.462,0
440,0,5,19.8646,1,68,53,3.873,7.08,5.31,0,0,0.006,0
441,0,5,19.9121,0,38,51,26.032,6.93,4.29,0,0,0.94,0
442,0,5,20.031,0,21,18,55.09,8.38,4.33,0,0,0.06,0
443,0,5,20.1458,0,5,42,28.197,4.61,25.38,0,0,1.029,0
444,0,5,20.7846,0,59,48,52.153,8.78,1.29,0,0,1.156,0
445,0,5,21.6292,0,56,57,20.234,7.42,9.55,0,0,0.191,0
446,0,5,22.1514,0,79,15,14.086,7.71,5.05,0,0,1.093,0
447,0,5,22.0561,1,8,47,16.633,8.26,1.69,0,0,1.052,0
448,0,5,22.2511,1,3,36,21.986,6.91,6.75,0,0,1.12,0
449,0,5,22.7375,0,33,29,57.891,9.16,9.89,0,0,0.782,0
450,0,5,23.9875,1,28,32,37.506,8.99,3.3,0,0,1.199,0
451,0,5,24.2789,1,16,19,44.678,8.63,4.55,0,0,0.46,0
452,0,5,25.3583,1,21,34,9.849,9.9,2.61,0,0,0.599,0
453,0,5,25.4687,0,3,51,5.744,7.59,4.65,0,0,1.045,0
454,0,5,26.4107,0,14,25,19.531,7.39,4.76,0,0,0.99,0
455,0,5,27.5393,1,76,17,29.627,11.99,6.35,0,0,        ,0
456,0,5,27.7038,0,37,18,9.149,7.78,4.79,0,0,1.123,0
457,0,5,28.0292,0,42,53,14.583,7.47,2.01,0,0,1.62,0
458,0,5,28.2302,0,7,39,55.182,6.97,3.07,0,0,1.444,0
459,0,5,28.352,0,61,13,32.392,8.82,18.57,0,0,0.666,0
460,0,5,28.7435,1,22,13,28.829,9.13,22.2,0,0,0.735,0
461,0,5,29.0565,1,34,6,20.361,7.86,11.04,0,0,0.494,0
462,0,5,31.1083,0,9,37,2.269,7.13,19.81,0,0,0.446,0
463,0,5,31.982,0,35,7,47.019,9.45,1.03,0,0,0.995,0
464,0,5,32.1313,0,31,58,3.501,12.04,0.75,0,0,0.501,0
465,0,5,33.8224,1,76,17,8.975,8.78,3.94,0,0,1.249,0
466,0,5,34.9142,1,53,10,18.104,7.23,3.52,0,0,1.174,0
467,0,5,35.1449,0,47,34,9.547,9.73,6.89,0,0,0.725,0
468,0,5,35.7509,0,61,18,35.621,7.36,4.25,0,0,0.993,0
469,0,5,36.2475,0,51,15,37.642,7.36,2.3,0,0,1.444,0
470,0,5,36.9531,1,43,24,5.17,8.47,0.47,0,0,0.18,0
471,0,5,38.8585,0,58,17,22.27,9.37,2.52,0,0,1.537,0
472,0,5,39.7194,1,55,42,35.648,6.99,4.25,0,0,1.187,0
473,0,5,40.2775,1,45,48,44.838,8.2,85.1,0,0,1.41,0
474,0,5,40.8478,1,44,28,7.272,8.36,7,0,0,0.247,0
475,0,5,41.5998,1,58,18,49.16,8.22,21.03,0,0,0.636,0
476,0,5,41.9358,1,13,23,46.616,5.55,8.75,0,0,0.901,0
477,0,5,42.9443,0,29,57,38.283,9.91,5.59,0,0,0.353,0
478,0,5,43.0252,0,22,30,35.173,9.67,2.19,0,0,0.524,0
479,0,5,43.2485,1,25,36,54.618,10.07,1.32,0,0,0.923,0
480,0,5,43.2406,0,15,21,55.806,8.6,1.87,0,0,1.1,0
481,0,5,44.0648,0,36,46,42.442,10.15,7.28,0,0,0.677,0
482,0,5,44.4111,1,17,50,25.176,7.75,5.95,0,0,0.414,0
483,0,5,45.37,1,81,4,17.288,9.21,4.01,0,0,0.097,0
484,0,5,46.0059,0,19,40,11.324,9.66,0.26,0,0,0.787,0
485,0,5,47.4671,1,47,5,14.257,8.47,2.62,0,0,0.045,0
486,0,5,49.6927,0,52,49,12.36,9.37,6.18,0,0,0.507,0
487,0,5,50.9813,1,78,44,18.268,9.44,11.21,0,0,0.617,0
488,0,5,51.0162,0,68,33,4.639,9.99,7.92,0,0,0.646,0
489,0,5,51.8668,1,2,45,52.657,10.38,13.23,0,0,0.782,0
490,0,5,52.4681,0,41,45,10.376,7.51,24.85,0,0,0.595,0
491,0,5,52.7926,1,12,31,38.783,8.91,2.92,0,0,1.19,0
492,0,5,54.8478,0,14,25,57.824,9.57,6.5,0,0,0.51,0
493,0,5,54.8412,1,18,14,7.321,7.45,26.24,0,0,0.596,0
494,0,5,55.1313,0,68,48,41.86,8.99,12.99,0,0,0.585,0
495,0,5,55.5634,1,18,4,34.415,8.58,25.77,0,0,0.92,0
496,0,5,56.709,1,24,34,8.566,6.9,5.31,0,0,1.564,0
497,0,5,57.0455,1,49,37,20.453,7.55,7.05,0,0,0.3,0
498,0,5,58.274,1,44,44,21.768,7.93,4.26,0,0,0.239,0
499,0,5,58.9575,0,54,38,26.051,9.71,0.87,0,0,0.915,0
500,0,6,0.0295,0,48,40,43.426,9.57,1.54,0,0,1.812,0
501,0,6,0.1313,0,39,8,15.062,8.55,4.19,0,0,1.357,0
502,0,6,0.5382,1,28,16,37.058,6.62,2.9,0,0,1.531,0
503,0,6,1.0547,1,16,27,7.487,7.89,3.07,0,0,0.93,0
504,0,6,3.2074,1,24,54,59.909,7.51,5.66,0,0,1.112,0
505,0,6,3.3932,1,63,40,46.771,7.36,0.08,0,0,0.126,0
506,0,6,3.5131,1,53,16,36.894,8.66,1.33,0,0,0.039,0
507,0,6,4.1718,0,84,5,53.549,8.51,1.8,0,0,1.576,0
508,0,6,4.2556,1,40,25,6.731,6.65,3.28,0,0,0.912,0
509,0,6,5.2038,0,31,26,39.616,9.67,13.05,0,0,0.633,0
510,0,6,8.0224,1,9,42,53.873,7.8,11.07,0,0,0.501,0
511,0,6,8.0438,1,0,7,17.177,8.21,5.34,0,0,1.108,0
512,0,6,9.064,0,29,9,5.005,7.9,4.39,0,0,0.03,0
513,0,6,11.3916,1,87,53,21.789,8.94,2.09,0,0,1,0
514,0,6,11.7428,0,23,32,18.836,9.82,5.66,0,0,0.418,0
515,0,6,13.1593,0,1,53,13.383,8.69,7.38,0,0,0.509,0
516,0,6,14.1856,0,32,48,58.873,8.57,0.16,0,0,1.612,0
517,0,6,15.3086,0,55,29,55.307,8.89,5.95,0,0,0.476,0
518,0,6,15.5385,1,58,26,12.083,5.98,49.3,0,0,0.687,0
519,0,6,16.8024,0,64,14,25.854,7.92,5.38,0,0,0.459,0
520,0,6,16.9322,0,10,46,42.492,7.6,2.35,0,0,1.539,0
521,0,6,18.6625,0,1,14,16.863,8.22,4.71,0,0,1.22,0
522,0,6,18.6632,0,49,4,30.339,5.7,39,0,0,0.519,0
523,0,6,18.9024,0,65,50,21.104,12.17,56.92,0,0,1.55,0
524,0,6,19.9218,0,12,1,1.916,8.75,7.24,0,0,0.487,0
525,0,6,20.1441,1,40,53,55.391,6.93,8.6,0,0,1.086,0
526,0,6,20.1832,1,60,27,25.64,7.97,4.78,0,0,0.256,0
527,0,6,20.7721,1,68,38,10.043,8.06,3.09,0,0,1.431,0
528,0,6,21.818,0,24,36,9.18,10.13,4.69,0,0,0.593,0
529,0,6,24.9612,0,18,2,17.724,7.31,6.73,0,0,0.402,0
530,0,6,25.9629,1,42,45,9.931,8.35,8.11,0,0,0.624,0
531,0,6,26.5269,1,64,11,46.207,5.57,3.32,0,0,0.023,0
532,0,6,26.8605,0,74,24,4.003,9.85,4.6,0,0,0.526,0
533,0,6,27.0897,0,16,44,15.401,9.16,1.67,0,0,1.045,0
534,0,6,27.5145,0,52,55,59.257,9.03,3.63,0,0,1.349,0
535,0,6,28.4323,0,43,37,39.8,10.07,5.95,0,0,0.59,0
536,0,6,29.2725,1,27,5,24.486,9.76,2.9,0,0,1.39,0
537,0,6,31.3152,0,21,30,4.622,9.35,3.91,0,0,0.41,0
538,0,6,31.6809,1,5,49,31.084,10.95,13.26,0,0,1.008,0
539,0,6,33.9607,1,43,46,56.189,8.87,6.15,0,0,0.426,0
540,0,6,35.5456,1,28,33,12.373,6.68,5.13,0,0,0.986,0
541,0,6,35.639,0,47,35,5.08,9.69,10.02,0,0,0.578,0
542,0,6,35.8821,1,56,30,52.201,8.05,4.21,0,0,0.112,0
543,0,6,36.1741,0,25,17,44.398,10.3,2.04,0,0,0.506,0
544,0,6,36.5305,1,29,1,18.967,6.07,72.98,0,0,0.752,0
545,0,6,38.4767,1,33,39,15.377,8.51,4,0,0,1.107,0
546,0,6,38.8424,0,36,5,4.833,7.71,5.02,0,0,1.038,0
547,0,6,39.6139,0,24,37,14.419,8.56,5.61,0,0,0.548,0
548,0,6,40.0714,1,70,10,9.354,8.26,2.44,0,0,1.233,0
549,0,6,40.9697,1,65,35,15.719,11.55,0.29,0,0,0.49,0
550,0,6,41.8384,1,56,19,28.792,8.62,2.41,0,0,0.148,0
551,0,6,43.8329,1,8,39,26.413,10.92,5.29,0,0,0.792,0
552,0,6,45.2866,0,6,15,40.748,10.51,1.92,0,0,0.759,0
553,0,6,45.6514,0,21,5,29.341,9.83,2.3,0,0,0.587,0
554,0,6,46.3281,0,13,44,55.274,9.84,9.89,0,0,0.69,0
555,0,6,46.5968,1,10,4,8.372,9.74,4.82,0,0,0.494,0
556,0,6,46.9379,0,4,20,59.323,8.21,9.08,0,0,0.574,0
557,0,6,46.9778,1,23,29,37.736,8.72,6.36,0,0,0.41,0
558,0,6,47.2224,0,70,35,21.987,8.03,1.65,0,0,1.631,0
559,0,6,47.9578,1,44,36,46.239,9,0.55,0,0,0.09,0
560,0,6,50.0246,0,23,6,26.732,6.19,25.59,0,0,0.386,0
561,0,6,50.3057,1,68,10,1.652,11.79,3.17,0,0,0.71,0
562,0,6,50.634,1,20,33,35.067,8.22,3.69,0,0,0.951,0
563,0,6,50.6829,1,31,7,49.614,7.93,4.96,0,0,1.107,0
564,0,6,51.3129,0,45,51,50.156,10.18,0.77,0,0,0.58,0
565,0,6,52.3241,1,1,51,39.641,8.98,6.64,0,0,0.567,0
566,0,6,52.3674,1,49,22,55.647,9.13,1.34,0,0,1.125,0
567,0,6,53.2967,0,38,52,39.682,6.91,3.69,0,0,1.123,0
568,0,6,53.3687,0,55,9,38.872,8.79,1.16,0,0,1.234,0
569,0,6,53.9529,0,3,37,32.602,8.23,18.71,0,0,0.58,0
570,0,6,55.3829,0,30,36,30.641,12.19,3.82,0,0,        ,0
571,0,6,55.7438,0,30,36,11.094,10.24,3.82,0,0,0.402,0
572,0,6,56.1365,1,38,12,9.359,8.83,2,0,0,1.114,0
573,0,6,56.3034,0,43,59,6.972,7.62,3.73,0,0,0.955,0
574,0,6,59.5025,0,40,24,50.423,8.96,4.04,0,0,0.446,0
575,0,6,59.5715,1,65,32,19.382,10.41,2.89,0,0,0.51,0
576,0,6,59.6765,1,53,58,29.509,8.97,3.75,0,0,0.05,0
577,0,7,0.5385,1,32,52,13.026,9.61,15.97,0,0,0.761,0
578,0,7,1.9939,1,22,50,40.159,8.29,8.4,0,0,0.387,0
579,0,7,2.4314,1,5,17,16.903,8.3,0.43,0,0,1.552,0
580,0,7,2.5696,0,18,49,14.723,8.26,4.01,0,0,0.494,0
581,0,7,4.1596,1,6,52,32.186,7.44,7.12,0,0,0.203,0
582,0,7,5.4773,1,62,23,33.848,9.52,4.4,0,0,0.19,0
583,0,7,6.116,1,85,24,17.467,8.2,4.41,0,0,0.295,0
584,0,7,7.5688,0,15,51,0.315,8.68,7.89,0,0,0.529,0
585,0,7,7.7937,0,30,33,41.667,8.65,4.33,0,0,0.061,0
586,0,7,8.0097,0,23,2,10.107,10.52,6.74,0,0,0.512,0
587,0,7,8.2649,0,37,55,44.91,8.41,5.14,0,0,0.405,0
588,0,7,8.3211,1,14,49,25.499,9.18,5.85,0,0,0.333,0
589,0,7,9.0571,1,72,46,30.81,8.42,4.84,0,0,0.345,0
590,0,7,10.1809,1,34,51,13.664,8.86,3.28,0,0,1.552,0
591,0,7,11.0206,1,46,45,25.278,7.92,4.03,0,0,1.054,0
592,0,7,11.398,1,65,39,13.641,10.97,0.66,0,0,0.33,0
593,0,7,12.5853,1,6,12,15.56,8.85,4.19,0,0,0.323,0
594,0,7,12.6671,0,60,4,14.861,9.31,6.51,0,0,0.226,0
595,0,7,12.7774,0,22,1,39.636,10.28,6.34,0,0,0.503,0
596,0,7,13.2899,0,76,43,51.296,7.56,11.92,0,0,0.419,0
597,0,7,13.7075,1,73,12,37.138,7.88,4.23,0,0,0.407,0
598,0,7,14.461,1,20,33,20.56,7.99,3.54,0,0,1.441,0
599,0,7,15.4259,0,41,53,22.6,8.23,17.18,0,0,0.599,0
600,0,7,16.6372,0,27,23,51.996,8.52,2.2,0,0,1.084,0
601,0,7,18.15,1,20,57,56.151,9.14,17.98,0,0,0.74,0
602,0,7,18.2733,0,17,23,13.312,6.2,6.24,0,0,0.133,0
603,0,7,18.3901,1,7,42,12.86,7.64,5.87,0,0,0.493,0
604,0,7,19.4946,1,1,39,54.316,8.95,8.23,0,0,0.653,0
605,0,7,22.0444,0,56,50,12.681,7.48,2.87,0,0,1.532,0
606,0,7,22.4077,0,25,21,22.768,7.06,20.63,0,0,0.463,0
607,0,7,22.4778,1,26,27,3.192,7.33,9.37,0,0,1.011,0
608,0,7,22.8998,0,11,2,0.111,8.98,1.52,0,0,0.739,0
609,0,7,23.2339,0,11,36,46.533,8.24,7.19,0,0,0.271,0
610,0,7,25.9025,0,77,29,38.997,8.4,2.19,0,0,1.014,0
611,0,7,25.2696,0,40,28,46.507,8.53,7.21,0,0,0.909,0
612,0,7,28.0551,0,56,0,41.571,7.48,7.51,0,0,0.466,0
613,0,7,29.2631,1,17,18,9.851,8.46,1.63,0,0,1.59,0
614,0,7,31.2274,1,35,44,44.693,9.29,2.41,0,0,1.01,0
615,0,7,31.291,1,24,19,16.357,8.57,5.48,0,0,0.249,0
616,0,7,32.3372,0,23,49,8.196,8.7,30.76,0,0,0.798,0
617,0,7,32.7949,1,32,0,31.603,8.5,10.08,0,0,0.451,0
618,0,7,34.7012,0,60,38,30.221,8.37,8.86,0,0,0.595,0
619,0,7,35.1767,1,31,40,8.578,6.87,6.05,0,0,1.124,0
620,0,7,36.7752,0,86,2,19.594,7.39,2.53,0,0,0.018,0
621,0,7,36.5808,0,62,18,54.278,7.5,2.5,0,0,1.703,0
622,0,7,37.4165,1,52,46,22.763,7.56,2.74,0,0,0.9,0
623,0,7,37.4238,1,53,31,35.536,8.37,9.73,0,0,0.379,0
624,0,7,37.4072,0,45,7,9.472,8.19,8.21,0,0,0.584,0
625,0,7,37.6776,1,40,4,42.671,7.39,5.37,0,0,1.008,0
626,0,7,37.9414,1,40,8,52.786,6.73,10.14,0,0,0.951,0
627,0,7,39.107,0,66,53,43.417,8.66,2.38,0,0,0.79,0
628,0,7,40.0078,1,1,5,39.328,8.25,2.89,0,0,0.17,0
629,0,7,40.1862,0,7,55,16.661,8.47,3.33,0,0,0.953,0
630,0,7,40.507,1,39,2,5.686,8.01,9.58,0,0,0.456,0
631,0,7,40.9174,0,65,55,56.189,6.83,7.84,0,0,1.158,0
632,0,7,40.9767,0,56,14,58.384,9.06,1.6,0,0,1.074,0
633,0,7,42.6099,0,46,32,40.823,8.79,4.21,0,0,1.127,0
634,0,7,43.1006,1,37,11,7.736,7.44,7.19,0,0,0.478,0
635,0,7,44.0956,0,2,32,55.27,6.43,6.69,0,0,0.146,0
636,0,7,46.8557,0,22,30,30.512,5.93,12.45,0,0,0.141,0
637,0,7,47.8036,0,5,29,9.555,8.85,4.31,0,0,1.196,0
638,0,7,48.1294,1,21,44,44.343,9.86,4.43,0,0,0.244,0
639,0,7,48.3945,0,11,7,44.565,8.55,7.06,0,0,0.964,0
640,0,7,50.9894,1,38,43,18.446,7.66,5.76,0,0,0.181,0
641,0,7,51.8759,1,55,34,37.27,7.82,21.83,0,0,0.61,0
642,0,7,53.1137,0,4,51,17.6,9.08,11.55,0,0,0.595,0
643,0,7,54.6994,0,42,9,13.863,10.1,5.57,0,0,0.57,0
644,0,7,54.9054,0,51,15,28.314,8.21,3.5,0,0,1.087,0
645,0,7,59.1841,0,14,13,36.169,8.85,7.79,0,0,0.631,0
646,0,7,59.3438,0,18,41,4.949,7.58,3.64,0,0,1.271,0
647,0,7,59.3167,0,78,12,39.509,7.79,1.17,0,0,1.45,0
648,0,8,0.3538,0,78,35,55.541,7.18,8.95,0,0,0.156,0
649,0,8,0.2523,0,7,32,41.184,7.85,10.66,0,0,0.505,0
650,0,8,0.7597,1,29,50,15.023,7.54,3.83,0,0,0.408,0
651,0,8,0.7949,0,39,36,43.469,9.72,6.43,0,0,0.434,0
652,0,8,1.7327,1,31,23,28.389,7.12,8.19,0,0,0.184,0
653,0,8,1.8881,0,30,1,54.084,9.77,6.67,0,0,0.306,0
654,0,8,2.0454,0,45,22,55.697,8.84,4.37,0,0,1.042,0
655,0,8,3.5173,0,33,31,45.601,5.67,10.02,0,0,1.119,0
656,0,8,4.6193,1,53,47,47.027,8.15,9.77,0,0,0.617,0
657,0,8,5.0162,0,29,24,58.947,9.61,3.92,0,0,0.961,0
658,0,8,5.8101,1,4,55,38.403,8.19,3.44,0,0,1.079,0
659,0,8,9.5678,1,31,22,44.413,7.27,4.9,0,0,0.207,0
660,0,8,10.0033,1,71,9,34.159,8.51,3.26,0,0,0.215,0
661,0,8,11.7221,0,59,3,47.097,8.36,2.42,0,0,1.113,0
662,0,8,11.9685,0,70,3,20.996,8.74,1.92,0,0,1.227,0
663,0,8,11.9434,0,38,16,51.846,10,4.93,0,0,0.55,0
664,0,8,12.0919,0,2,26,51.716,6.18,3.25,0,0,1.366,0
665,0,8,13.1625,0,43,38,48.094,10.26,7.53,0,0,0.73,0
666,0,8,13.6247,0,49,43,18.611,10.16,5.68,0,0,0.393,0
667,0,8,13.6681,1,29,43,56.394,8.31,4.08,0,0,1.053,0
668,0,8,14.6621,1,42,13,24.366,8.58,3.46,0,0,0.915,0
669,0,8,16.3702,0,14,49,28.077,7.04,36.18,0,0,0.624,0
670,0,8,16.9465,1,34,29,42.959,8.81,3.75,0,0,0.31,0
671,0,8,17.5527,0,8,49,26.491,5.99,9.79,0,0,1.034,0
673,0,8,18.6139,0,32,42,3.021,8.22,3.5,0,0,1.064,0
674,0,8,21.0495,0,42,56,37.161,9.86,7.73,0,0,0.789,0
675,0,8,22.1299,1,3,26,26.619,8,2.84,0,0,1.193,0
676,0,8,22.5686,1,21,55,27.526,9.4,10.7,0,0,0.57,0
677,0,8,23.168,1,29,5,26.981,2.07,33.6,0,0,0.038,0
678,0,8,23.1387,0,19,13,26.746,9.1,3.83,0,0,1.169,0
679,0,8,24.2682,1,50,14,43.266,8.11,2.18,0,0,0.098,0
680,0,8,24.8234,0,57,11,42.311,8.89,2.8,0,0,1.179,0
681,0,8,25.3122,0,51,24,2.733,9.43,1.52,0,0,0.47,0
682,0,8,25.6942,1,6,37,0.506,7.59,25.15,0,0,0.626,0
683,0,8,26.0417,1,41,57,28.763,8.72,2.88,0,0,0.071,0
684,0,8,26.4671,0,44,16,25.084,9.86,2.3,0,0,0.157,0
685,0,8,26.8936,0,53,26,35.476,9.23,0.65,0,0,0.988,0
686,0,8,27.0911,0,30,4,6.8,9.5,5.59,0,0,0.493,0
687,0,8,27.3362,1,17,25,28.036,10.73,45.64,0,0,1.46,0
688,0,8,27.6321,0,24,5,37.505,7.59,7.6,0,0,0.508,0
689,0,8,28.385,1,34,56,4.283,7.41,12.72,0,0,0.606,0
690,0,8,29.7752,0,66,30,50.921,9.26,11.01,0,0,0.675,0
691,0,8,30.1226,1,52,20,11.052,7.78,14.43,0,0,0.358,0
692,0,8,30.8647,0,6,47,31.773,7.76,2.77,0,0,1.618,0
693,0,8,31.2621,1,20,16,2.515,8.94,9.47,0,0,0.419,0
694,0,8,31.5143,1,11,10,17.533,8.95,2.3,0,0,0.435,0
695,0,8,32.868,1,63,12,14.576,6.41,2.17,0,0,0.998,0
696,0,8,33.4877,0,17,34,40.945,6.11,2.42,0,0,1.664,0
697,0,8,35.3068,1,53,15,14.791,7.76,8.84,0,0,0.415,0
698,0,8,38.7805,0,74,14,18.333,7.38,2.89,0,0,1.326,0
699,0,8,41.0216,1,36,37,38.741,6.21,30.26,0,0,0.504,0
700,0,8,43.0882,0,2,13,21.26,7.05,5.97,0,0,0.963,0
701,0,8,43.937,1,74,12,52.963,7.44,6.36,0,0,0.006,0
702,0,8,44.9569,0,52,19,40.622,8.5,5.07,0,0,0.406,0
703,0,8,46.1505,0,86,11,18.617,11.01,2.92,0,0,1.5,0
704,0,8,45.8644,1,14,8,31.405,7.84,5.19,0,0,1.125,0
705,0,8,47.3766,1,86,47,16.434,8.41,16.24,0,0,0.588,0
706,0,8,46.1835,0,34,47,39.796,7.88,5.03,0,0,0.473,0
707,0,8,46.7455,0,66,45,34.075,9.1,3.19,0,0,1.113,0
708,0,8,46.8319,0,36,44,38.694,8.65,6.86,0,0,0.471,0
709,0,8,48.4112,0,47,3,38.382,7.81,8.58,0,0,0.481,0
710,0,8,48.7427,1,8,1,18.295,7.43,11.61,0,0,0.296,0
711,0,8,49.1167,0,7,53,49.413,8.76,0.97,0,0,0.965,0
712,0,8,49.8996,1,40,50,27.771,7.58,4.72,0,0,0.994,0
713,0,8,49.9017,0,60,15,52.299,9.55,4.78,0,0,0.473,0
714,0,8,49.9983,1,40,29,40.447,6.82,3.19,0,0,1.568,0
715,0,8,51.8373,0,25,32,52.096,10.24,1.8,0,0,0.46,0
716,0,8,52.0689,1,25,27,46.266,6.24,7.78,0,0,0.976,0
717,0,8,52.2399,1,0,41,32.803,7.31,1.36,0,0,1.43,0
718,0,8,52.8998,0,42,55,5.561,10.52,3.4,0,0,0.51,0
719,0,8,53.001,0,35,49,8.507,9.27,0.25,0,0,1.146,0
720,0,8,53.6551,0,22,10,46.209,7.13,3.16,0,0,1.64,0
721,0,8,55.3148,0,26,13,25.066,9.14,2.6,0,0,1.053,0
722,0,8,56.5644,1,12,48,16.099,8.48,12.89,0,0,0.537,0
723,0,8,56.978,1,66,27,23.932,8.57,31.34,0,0,0.885,0
724,0,8,59.2188,0,21,12,22.682,7.21,7.86,0,0,1.087,0
725,0,8,59.519,1,34,22,4.641,9.05,1.01,0,0,1.64,0
726,0,8,59.593,0,39,44,13.608,7.72,18.22,0,0,0.62,0
727,0,8,59.9451,1,49,51,29.191,8.03,7.7,0,0,0.364,0
728,0,9,0.1572,1,28,14,51.203,6.47,8.65,0,0,0.242,0
729,0,9,2.3382,1,18,12,43.291,5.57,11.17,0,0,1.043,0
730,0,9,2.3477,0,54,0,7.067,6.32,7,0,0,0.738,0
731,0,9,2.7501,1,27,39,4.462,11.65,22.5,0,0,1.26,0
732,0,9,2.6552,0,35,5,30.658,7.78,6.49,0,0,0.417,0
733,0,9,2.7719,1,9,50,59.861,8.58,10.46,0,0,0.714,0
734,0,9,2.8465,0,24,20,6.196,10.37,3.89,0,0,0.432,0
735,0,9,3.1746,1,22,39,51.362,9.23,6.32,0,0,0.383,0
736,0,9,3.3908,0,59,16,50.133,9.2,8.35,0,0,0.811,0
737,0,9,3.577,1,40,50,35.798,6.93,16.09,0,0,0.8,0
738,0,9,3.9046,0,27,7,20.468,11.73,42.82,0,0,1.493,0
739,0,9,3.9164,0,28,19,48.029,9.32,4.32,0,0,0.549,0
740,0,9,4.3037,1,19,55,28.698,7.11,8.73,0,0,0.476,0
741,0,9,5.6425,0,36,39,2.167,9.79,0.11,0,0,1.01,0
742,0,9,6.4176,0,50,36,27.946,8.21,2.98,0,0,1.339,0
743,0,9,6.9762,0,50,0,49.061,8.42,1.37,0,0,1.4,0
744,0,9,8.5633,0,50,10,0.432,7.05,3.15,0,0,0.122,0
745,0,9,9.1996,0,38,17,22.105,9.26,6.75,0,0,0.671,0
746,0,9,10.0897,1,59,9,0.785,2.28,59.89,0,0,0.38,0
747,0,9,10.17,1,44,43,18.644,8.77,4.8,0,0,0.461,0
748,0,9,11.0562,1,21,3,33.724,9.25,5.87,0,0,0.537,0
749,0,9,11.4804,0,31,28,38.237,9.3,4.36,0,0,0.972,0
750,0,9,11.5952,1,44,43,21.962,10.63,12.2,0,0,0.525,0
751,0,9,12.9003,1,42,15,15.814,9.9,4.56,0,0,0.561,0
752,0,9,12.9767,0,0,45,7.913,9.89,6.48,0,0,0.617,0
753,0,9,14.6838,1,32,28,35.999,9.33,17.75,0,0,0.812,0
754,0,9,15.6343,1,25,16,56.342,7.78,22.07,0,0,0.68,0
755,0,9,16.5752,1,65,4,14.875,7.02,17.03,0,0,0.932,0
756,0,9,18.0545,0,37,22,58.493,11.26,5.08,0,0,        ,0
757,0,9,18.5741,0,59,3,37.307,8.89,1.97,0,0,1.033,0
758,0,9,19.1206,0,41,53,11.132,9.6,7.75,0,0,0.446,0
759,0,9,19.4416,1,17,32,3.259,7.07,19.28,0,0,0.644,0
760,0,9,19.8289,1,79,42,52.708,6.01,8.56,0,0,0.203,0
761,0,9,21.0207,0,27,59,16.454,5.42,14.57,0,0,0.414,0
762,0,9,23.2676,0,41,2,39.139,9.11,11.89,0,0,0.83,0
763,0,9,23.2689,1,58,39,57.246,8.24,1.42,0,0,0.08,0
764,0,9,23.8785,1,14,25,3.597,8.97,6.32,0,0,0.442,0
765,0,9,24.5399,0,45,44,49.158,3.88,23.28,0,0,1.013,0
766,0,9,24.6004,1,0,4,19.535,8.59,7.58,0,0,0.484,0
767,0,9,27.5746,1,46,23,16.457,7.17,4.96,0,0,0.031,0
768,0,9,27.9821,1,19,6,56.519,7.94,13.8,0,0,0.66,0
769,0,9,28.0194,1,1,14,38.491,7.27,4.21,0,0,1.22,0
770,0,9,28.2095,0,12,2,6.653,9.59,1.88,0,0,0.49,0
771,0,9,30.4187,0,10,11,15.181,7.94,2.08,0,0,1.439,0
772,0,9,30.6991,0,34,6,38.78,8.52,16.26,0,0,0.687,0
773,0,9,31.0072,1,19,33,33.209,7.59,5.36,0,0,1.005,0
774,0,9,32.2152,0,40,38,58.1,9.17,1.78,0,0,1.029,0
775,0,9,34.09,0,66,1,47.024,8.08,4.57,0,0,1.068,0
776,0,9,34.9258,0,46,22,30.266,9.8,3.03,0,0,0.524,0
777,0,9,35.2194,0,21,22,54.718,8.92,8.17,0,0,0.499,0
778,0,9,36.2895,0,51,44,13.413,9.91,4.45,0,0,0.355,0
779,0,9,36.3648,1,62,40,4.125,9.42,4.76,0,0,1.565,0
780,0,9,36.437,1,26,40,55.441,8.84,2.91,0,0,1.128,0
781,0,9,36.5257,1,51,34,0.93,10.15,1.4,0,0,1.5,0
782,0,9,39.3037,0,56,11,30.428,8.37,3.25,0,0,0.952,0
783,0,9,39.741,0,32,4,44.143,9.33,0.54,0,0,1.63,0
784,0,9,41.2594,1,57,15,34.512,9.35,0.55,0,0,0.075,0
785,0,9,41.3254,0,63,35,22.839,7.4,4.31,0,0,1.571,0
786,0,9,41.6089,0,37,18,53.32,8.35,6.9,0,0,0.437,0
787,0,9,43.574,0,31,49,29.781,9.53,23.86,0,0,0.965,0
788,0,9,43.7107,0,3,40,42.669,9.59,6.24,0,0,0.469,0
789,0,9,46.3157,1,36,28,25.613,10.05,0.16,0,0,0.486,0
790,0,9,48.4582,1,19,22,52.681,8.48,5.62,0,0,0.56,0
791,0,9,48.4541,0,40,53,33.516,8.57,13.92,0,0,0.644,0
792,0,9,48.6591,0,6,50,28.179,8.43,12.54,0,0,0.906,0
793,0,9,49.9717,1,53,31,35.967,8.45,3.57,0,0,0.955,0
794,0,9,50.1249,0,33,47,19.256,8.84,17.08,0,0,0.833,0
795,0,9,51.6152,1,8,27,11.508,8.64,14.21,0,0,0.716,0
796,0,9,51.396,1,61,30,50.56,11.18,1.31,0,0,        ,0
797,0,9,51.7697,1,11,24,58.576,8.42,4.58,0,0,0.41,0
798,0,9,52.0957,0,62,17,48.613,6.34,7.37,0,0,0.164,0
799,0,9,52.4567,1,12,42,39.033,8.36,5.18,0,0,1.072,0
800,0,9,52.418,1,51,25,22.938,7.93,2.27,0,0,1.301,0
801,0,9,52.9092,0,50,16,4.015,8.32,18.8,0,0,0.595,0
802,0,9,54.9903,1,4,49,56.973,7.77,1.52,0,0,1.219,0
803,0,9,55.0185,0,2,33,40.427,6.84,2.68,0,0,1.611,0
804,0,9,56.3771,0,78,35,25.947,8.78,8.36,0,0,1.011,0
805,0,9,56.7386,0,44,39,59.352,7.19,4.44,0,0,0.974,0
806,0,9,57.1104,1,4,9,58.042,8.5,1.7,0,0,1.166,0
807,0,9,57.4687,1,8,34,37.349,8.82,5.8,0,0,0.62,0
808,0,9,57.5913,1,43,26,18.309,9.04,7.14,0,0,0.542,0
809,0,9,58.0947,0,65,21,25.549,7.93,4.37,0,0,0.964,0
810,0,9,59.0682,0,25,52,29.051,7.66,6.14,0,0,0.139,0
811,0,10,0.5209,0,28,28,56.534,10.07,0.35,0,0,        ,0
812,0,10,1.64,1,44,6,34.829,9.03,1.27,0,0,1.014,0
813,0,10,2.1846,1,11,8,44.913,5.54,10.04,0,0,0.064,0
814,0,10,2.269,0,82,13,26.391,5.29,13.45,0,0,1.049,0
815,0,10,2.6434,0,63,17,48.034,8.13,9.63,0,0,0.456,0
816,0,10,3.2026,0,77,28,49.485,9.08,1.56,0,0,1.031,0
817,0,10,3.1836,1,46,23,25.272,7.51,7.21,0,0,0.251,0
818,0,10,3.281,0,8,58,27.055,7.1,10.24,0,0,0.345,0
819,0,10,4.415,0,79,0,6.621,7.88,11.15,0,0,0.476,0
820,0,10,4.5986,1,86,1,23,9.4,1.08,0,0,0.539,0
821,0,10,4.7605,1,33,32,21.976,9.06,4.59,0,0,0.293,0
822,0,10,5.2358,1,84,9,7.101,8.38,7.73,0,0,0.371,0
823,0,10,5.2611,1,38,24,53.619,10.65,10.83,0,0,1.077,0
824,0,10,5.4882,1,25,11,52.389,7.77,3.13,0,0,1.603,0
825,0,10,6.664,1,50,48,24.607,8.5,4.15,0,0,1.042,0
826,0,10,6.7225,1,47,18,24.623,8.61,3.05,0,0,1.156,0
827,0,10,6.7404,0,28,20,16.052,10.05,6.95,0,0,0.7,0
828,0,10,7.2714,1,39,38,56.188,8.71,3.6,0,0,0.594,0
829,0,10,7.9936,0,78,18,2.377,6.97,3.21,0,0,1.377,0
830,0,10,7.8775,0,15,10,37.318,9.37,4.95,0,0,0.409,0
831,0,10,9.2842,0,49,8,35.923,8.56,8.5,0,0,0.524,0
832,0,10,10.1426,0,33,16,51.399,9.34,2.57,0,0,0.815,0
833,0,10,10.396,0,19,59,0.799,9.47,6.1,0,0,0.526,0
834,0,10,10.5058,1,64,38,48.21,8.11,4.74,0,0,1.032,0
835,0,10,13.0273,1,25,31,36.311,8.91,3.93,0,0,0.356,0
836,0,10,14.0995,1,60,1,33.777,7.83,1.12,0,0,1.311,0
837,0,10,16.2796,1,50,53,5.58,8.95,2.74,0,0,1.104,0
838,0,10,16.4556,1,52,15,18.515,7.2,2.98,0,0,0.053,0
839,0,10,17.8993,0,70,50,12.782,9.37,5.26,0,0,0.411,0
840,0,10,18.8493,0,5,14,54.662,5.84,18.18,0,0,0.973,0
841,0,10,19.242,1,46,4,20.176,5.01,3.24,0,0,0.405,0
842,0,10,20.5733,0,22,46,9.064,9.81,3.85,0,0,0.437,0
843,0,10,20.8185,1,18,39,1.311,9.27,2.76,0,0,1.12,0
844,0,10,21.3348,0,48,8,36.891,9.5,7.14,0,0,0.423,0
845,0,10,22.7712,0,43,31,22.513,9.32,4.82,0,0,0.511,0
846,0,10,22.9673,0,13,59,2.863,8.92,13.53,0,0,0.578,0
847,0,10,23.0327,0,11,47,9.001,8.38,10.15,0,0,0.508,0
848,0,10,24.2016,1,58,29,22.219,7.74,10.35,0,0,0.473,0
849,0,10,24.9251,0,6,2,22.927,8.6,3.27,0,0,1.042,0
850,0,10,25.6674,0,30,28,44.619,9.49,4.92,0,0,1.232,0
851,0,10,26.2834,0,14,27,7.95,8.35,6.17,0,0,0.528,0
852,0,10,26.7619,1,28,39,10.519,7.11,3.65,0,0,1.528,0
853,0,10,27.442,0,73,38,58.032,9.87,4.11,0,0,0.503,0
854,0,10,28.4284,1,13,35,41.93,8.98,7.48,0,0,0.471,0
855,0,10,29.0018,1,51,54,44.6,7.75,1.83,0,0,1.487,0
856,0,10,29.614,1,15,13,54.943,8.24,12.91,0,0,0.491,0
857,0,10,29.6593,1,57,9,55.791,6.74,6.52,0,0,0.074,0
858,0,10,32.4167,1,33,7,51.189,6.83,4.74,0,0,1.429,0
859,0,10,34.2362,1,52,19,0.322,7.7,7.1,0,0,0.144,0
860,0,10,34.6519,1,59,40,24.292,6.7,1.66,0,0,0.017,0
861,0,10,36.6721,0,41,7,6.898,8.67,3.45,0,0,1.037,0
862,0,10,37.5387,0,49,16,53.018,9.94,13.51,0,0,        ,0
863,0,10,37.8176,0,63,38,3.506,8.73,5.51,0,0,0.563,0
864,0,10,38.0953,1,16,50,38.682,9.63,0.66,0,0,1.462,0
865,0,10,38.3095,0,73,13,27.964,6.66,15.06,0,0,0.372,0
866,0,10,38.7479,1,56,3,22.09,8.29,5.16,0,0,0.077,0
867,0,10,39.1043,1,12,49,12.977,8.47,15.57,0,0,0.574,0
868,0,10,39.2698,1,2,18,2.422,8.16,2.91,0,0,1.165,0
869,0,10,40.6504,1,13,13,22.768,8.97,8.77,0,0,0.497,0
870,0,10,40.731,1,2,3,19.793,7.51,18.2,0,0,0.503,0
871,0,10,42.0686,1,54,53,29.381,8.97,1.74,0,0,0.674,0
872,0,10,42.4593,0,54,24,1.351,8.55,4.38,0,0,0.692,0
873,0,10,42.7454,0,12,34,47.294,5.84,15.35,0,0,1,0
874,0,10,45.1368,1,58,1,5.939,7.85,3.75,0,0,0.099,0
875,0,10,45.7825,0,38,46,7.893,8.68,7.95,0,0,0.588,0
876,0,10,46.3583,1,58,46,10.272,8.27,1.62,0,0,0.146,0
877,0,10,46.3465,1,55,20,34.179,8.05,4.86,0,0,0.878,0
878,0,10,46.4573,0,21,56,0.852,7.68,3.48,0,0,1.028,0
879,0,10,46.7157,0,73,30,26.726,9.4,9.43,0,0,0.551,0
880,0,10,46.8236,1,37,28,25.904,7.77,8.8,0,0,0.405,0
881,0,10,46.8404,0,34,51,38.563,6.89,4.7,0,0,0.951,0
882,0,10,47.1923,1,32,14,33.263,7.55,2.46,0,0,1.354,0
883,0,10,47.4121,0,57,29,10.628,8.27,7.77,0,0,0.517,0
884,0,10,48.1333,1,51,10,40.257,8.16,2.91,0,0,1.677,0
885,0,10,48.3333,1,49,0,38.73,8.07,2.95,0,0,0.015,0
886,0,10,48.4848,1,30,41,8.359,7.91,4,0,0,0.024,0
887,0,10,53.4816,0,13,54,10.137,7.71,2.25,0,0,1.253,0
888,0,10,53.9919,0,31,12,54.565,10.16,4.41,0,0,0.689,0
889,0,10,55.9195,1,48,6,37.458,8.41,16.45,0,0,0.575,0
890,0,10,56.0281,1,64,57,47.462,9.64,1.44,0,0,0.56,0
891,0,10,55.9902,0,42,15,5.773,8.88,1.02,0,0,1.169,0
892,0,10,56.9094,0,2,4,28.243,7.93,3.61,0,0,1.096,0
893,0,10,57.9595,0,18,34,22.234,7.78,4.53,0,0,1.302,0
894,0,10,58.1419,1,52,26,34.045,8.9,6.25,0,0,0.5,0
895,0,11,1.4144,1,29,33,1.881,8.55,12.6,0,0,0.435,0
896,0,11,3.66,1,13,45,1.839,9.15,9.37,0,0,0.477,0
897,0,11,4.4612,0,5,47,2.38,10.86,39.19,0,0,1.418,0
898,0,11,4.4882,1,5,12,31.253,11.55,24.32,0,0,1.395,0
899,0,11,4.4938,0,10,52,40.316,9.08,0.9,0,0,1.076,0
900,0,11,5.6408,1,4,7,59.186,7.44,3.61,0,0,0.998,0
901,0,11,6.9007,1,26,20,16.671,10.35,0.33,0,0,1.269,0
902,0,11,7.8951,1,57,35,16.493,6.68,4.43,0,0,1.212,0
903,0,11,8.8041,0,87,24,51.256,8.85,4.41,0,0,0.585,0
904,0,11,9.047,0,7,22,34.315,8.9,8.36,0,0,0.473,0
905,0,11,9.3423,1,49,32,48,8.24,7.22,0,0,0.184,0
906,0,11,9.6305,0,3,19,16.895,6.74,3.88,0,0,1.025,0
907,0,11,14.3194,1,6,10,49.901,10.75,4.01,0,0,0.863,0
908,0,11,14.7521,1,10,38,9.728,8.44,2.61,0,0,1.33,0
909,0,11,15.6791,1,7,56,53.379,7.69,4.21,0,0,1.163,0
910,0,11,15.9082,0,15,28,2.362,4.89,52.94,0,0,0.487,0
911,0,11,17.4542,0,20,43,31.074,11.8,6.13,0,0,0.57,0
912,0,11,17.4906,0,29,38,25.868,8.88,4.78,0,0,1.14,0
913,0,11,17.8368,0,40,22,21.668,7.7,5.09,0,0,1.2,0
914,0,11,18.1039,0,32,48,1.493,8.6,15.08,0,0,0.7,0
915,0,11,19.5803,0,32,24,13.964,8.44,1.58,0,0,0.127,0
916,0,11,20.8866,1,58,20,59.506,9.5,35.69,0,0,1.254,0
917,0,11,21.7406,1,50,50,35.177,9.03,0.82,0,0,1.406,0
918,0,11,22.028,1,74,29,4.489,7.15,6.06,0,0,1.004,0
919,0,11,22.2954,1,30,26,58.161,7.95,29.35,0,0,0.755,0
920,0,11,24.4507,1,23,49,5.332,8.23,18.6,0,0,0.581,0
921,0,11,24.4529,0,8,21,32.83,9.81,4.63,0,0,0.515,0
922,0,11,29.2875,0,18,42,24.816,8.48,11.58,0,0,0.473,0
923,0,11,29.4203,1,35,55,51.917,9.33,3.47,0,0,0.94,0
924,0,11,30.8621,0,49,37,45.155,8.97,20.86,0,0,0.807,0
925,0,11,30.9853,0,1,7,23.969,8.08,2.54,0,0,1.122,0
926,0,11,31.1309,1,40,23,56.278,7.47,2.26,0,0,1.532,0
927,0,11,31.4305,0,55,44,58.78,8.34,4.31,0,0,0.409,0
928,0,11,31.5361,0,34,27,36.33,7.75,4.71,0,0,1.152,0
929,0,11,32.7776,0,58,54,35.385,8.34,17,0,0,0.619,0
930,0,11,34.417,0,27,47,59.202,5.41,5.61,0,0,1.346,0
931,0,11,35.1223,0,3,4,40.79,7.56,9.91,0,0,0.551,0
932,0,11,35.2986,0,18,36,2.442,6.93,7.77,0,0,0.994,0
933,0,11,35.5888,1,7,7,17.435,10.03,21.87,0,0,1.293,0
934,0,11,35.6474,0,57,28,20.591,9.04,27.46,0,0,0.891,0
935,0,11,35.6142,1,33,40,49.053,8.69,6.73,0,0,0.185,0
936,0,11,35.684,0,5,4,5.437,8.32,4.04,0,0,1.12,0
937,0,11,36.384,0,23,37,56.52,7.85,7.57,0,0,0.561,0
938,0,11,36.7301,0,80,10,25.555,7.21,4.78,0,0,0.916,0
939,0,11,36.803,0,17,58,8.051,8.98,3.36,0,0,0.966,0
940,0,11,37.1465,1,58,12,42.608,7.09,2.16,0,0,0.137,0
941,0,11,37.2654,0,72,16,31.704,8.85,8.01,0,0,0.518,0
942,0,11,37.4485,1,63,26,35.311,9.21,0.53,0,0,0.142,0
943,0,11,37.4749,1,10,19,42.442,8.61,20.55,0,0,0.643,0
944,0,11,38.0633,0,49,39,21.19,7.91,7.11,0,0,1.126,0
945,0,11,38.9332,1,55,57,41.35,7.47,2.14,0,0,0.2,0
946,0,11,39.7925,1,28,13,30.5,8.65,5.08,0,0,1,0
947,0,11,40.7649,0,9,42,9.985,8.53,6.88,0,0,0.515,0
948,0,11,41.0896,0,39,13,46.703,9.92,29.15,0,0,1.071,0
949,0,11,41.8249,1,54,20,7.879,8.09,4.25,0,0,0.228,0
950,0,11,43.8881,0,35,8,0.226,5.24,45.85,0,0,0.459,0
951,0,11,44.7461,1,57,16,17.491,7.06,1.15,0,0,0.63,0
952,0,11,45.7795,1,27,30,36.921,8.45,10.91,0,0,0.481,0
953,0,11,47.1498,0,33,14,1.765,8.73,9.29,0,0,0.646,0
954,0,11,47.5498,1,9,8,24.025,7.45,7.81,0,0,0.891,0
955,0,11,48.1442,0,17,33,27.721,9.02,16.48,0,0,0.599,0
956,0,11,50.1893,1,28,25,23.726,7.51,12.79,0,0,0.491,0
957,0,11,50.4322,1,66,7,34.851,7.32,1.99,0,0,0.038,0
958,0,11,50.651,0,54,12,35.446,8.17,1.34,0,0,1.14,0
959,0,11,50.8372,1,50,59,21.405,9.45,4.21,0,0,0.26,0
960,0,11,50.8607,0,19,42,11.746,9.72,9.92,0,0,0.557,0
961,0,11,51.0154,0,35,32,48.531,9.34,10.46,0,0,0.695,0
962,0,11,53.9372,0,11,9,53.436,8.75,4.77,0,0,1.125,0
963,0,11,54.7221,0,33,2,14.599,9.32,3.89,0,0,0.625,0
964,0,11,54.7661,0,22,49,3.351,7.91,10.93,0,0,0.392,0
965,0,11,55.3732,0,75,28,36.627,7.49,2.05,0,0,1.6,0
966,0,11,56.1258,0,42,10,19.325,6.53,7.97,0,0,1.041,0
967,0,11,59.0322,1,48,9,8.536,6.18,5.93,0,0,1.467,0
968,0,11,59.2908,0,0,13,46.914,8.69,2.85,0,0,0.403,0
969,0,12,1.3201,1,23,28,18.265,6.58,6.88,0,0,0.99,0
970,0,12,1.3948,0,54,45,3.19,7.8,0.15,0,0,1.634,0
971,0,12,1.4594,1,28,36,24.24,7.19,10.9,0,0,0.398,0
972,0,12,1.9378,1,48,40,48.194,8.17,3.49,0,0,1.048,0
973,0,12,3.0231,0,13,48,47.295,6.56,6.05,0,0,1.074,0
974,0,12,3.8381,1,27,5,56.954,8.73,38.88,0,0,1.045,0
975,0,12,5.1851,0,58,31,29.279,7.62,17.21,0,0,0.758,0
976,0,12,5.4891,0,7,5,19.2,8.66,10.57,0,0,0.43,0
977,0,12,6.0825,0,7,42,7.194,8.96,3.11,0,0,1.243,0
978,0,12,6.0772,1,39,2,20.075,8.2,2.97,0,0,1.269,0
979,0,12,6.0678,0,54,21,55.213,8.68,0,0,0,1.29,0
980,0,12,6.8377,1,47,29,28.177,7.36,6.68,0,0,1.082,0
981,0,12,8.0502,1,53,37,26.103,6.87,9.42,0,0,0.262,0
982,0,12,8.7371,1,48,10,56.131,7.6,3.46,0,0,1.314,0
983,0,12,9.9489,0,17,56,17.584,5.29,5.33,0,0,1.478,0
984,0,12,10.3064,1,46,46,29.673,9.12,4.88,0,0,0.479,0
985,0,12,12.9244,0,27,47,4.403,8.25,9.81,0,0,0.448,0
986,0,12,13.8457,1,39,54,5.659,7.43,10.44,0,0,0.335,0
987,0,12,13.9365,0,15,9,52.545,8.88,1.79,0,0,1.047,0
988,0,12,15.7954,1,43,49,5.564,7.95,0.41,0,0,1.537,0
989,0,12,15.8637,1,22,33,24.17,7.69,2.89,0,0,1.709,0
990,0,12,17.2803,0,50,42,1.126,8.94,4.7,0,0,1.151,0
991,0,12,18.3088,0,40,38,44.091,10.58,8.64,0,0,0.6,0
992,0,12,19.7346,0,57,30,21.328,10.05,9.1,0,0,0.643,0
993,0,12,22.137,0,8,42,35.178,8.88,2.01,0,0,0.934,0
994,0,12,25.2751,0,61,36,20.748,9,5.47,0,0,0.415,0
995,0,12,26.3845,1,45,57,34.585,8.24,3.99,0,0,1.583,0
996,0,12,28.1981,1,20,14,3.838,8.18,19.39,0,0,0.669,0
997,0,12,29.8196,0,56,24,47.97,9.91,2.9,0,0,0.521,0
998,0,12,29.9499,1,32,12,14.1,8.88,1.76,0,0,0.022,0
999,0,12,30.118,1,14,33,49.306,8.44,24.69,0,0,0.739,0
1000,0,12,30.1348,0,22,4,1.498,8.73,15.32,0,0,0.707,0
1001,0,12,30.9431,0,32,19,14.965,9.12,4.61,0,0,0.471,0
